rem =================================================
rem  Region
rem =================================================

INSERT INTO REGION ( CODIGO_REGION, NOMBRE ) VALUES ( 
'E', 'Europea');
INSERT INTO REGION ( CODIGO_REGION, NOMBRE ) VALUES ( 
'A', 'Asiatica'); 
INSERT INTO REGION ( CODIGO_REGION, NOMBRE ) VALUES ( 
'Y', 'Americana'); 

rem =================================================
rem  Pais
rem =================================================

INSERT INTO PAIS ( NOMBRE, CODIGO_REGION ) VALUES ( 
'España', 'E');
INSERT INTO PAIS ( NOMBRE, CODIGO_REGION ) VALUES ( 
'Alemania', 'E'); 

INSERT INTO PAIS ( NOMBRE, CODIGO_REGION ) VALUES ( 
'Francia', 'E'); 

INSERT INTO PAIS ( NOMBRE, CODIGO_REGION ) VALUES ( 
'Italia', 'E'); 

INSERT INTO PAIS ( NOMBRE, CODIGO_REGION ) VALUES ( 
'China', 'A'); 

INSERT INTO PAIS ( NOMBRE, CODIGO_REGION ) VALUES ( 
'Japón', 'A'); 

INSERT INTO PAIS ( NOMBRE, CODIGO_REGION ) VALUES ( 
'Thailandia', 'A'); 

INSERT INTO PAIS ( NOMBRE, CODIGO_REGION ) VALUES ( 
'Malasia', 'A'); 

INSERT INTO PAIS ( NOMBRE, CODIGO_REGION ) VALUES ( 
'EEUU', 'Y'); 

INSERT INTO PAIS ( NOMBRE, CODIGO_REGION ) VALUES ( 
'Canada', 'Y'); 

INSERT INTO PAIS ( NOMBRE, CODIGO_REGION ) VALUES ( 
'Méjico', 'Y'); 

rem =================================================
rem  Empleado
rem =================================================

INSERT INTO EMPLEADO ( NIF, LOGIN, PASSWORD, NOMBRE, CARGO, TELEFONO ) VALUES ( 
'26485963M', 'toni', 'puma', 'Antonio Milla López', 'Tecnico'
, '963474565'); 
INSERT INTO EMPLEADO ( NIF, LOGIN, PASSWORD, NOMBRE, CARGO, TELEFONO ) VALUES ( 
'22596826F', 'pepe', 'adidas', 'José Martínez Muñoz', 'Tecnico'
, '962468597   '); 
INSERT INTO EMPLEADO ( NIF, LOGIN, PASSWORD, NOMBRE, CARGO, TELEFONO ) VALUES ( 
'26359874J', 'luis', 'reebok', 'Luis Fernández Vila', 'Representante'
, '961387596   '); 
INSERT INTO EMPLEADO ( NIF, LOGIN, PASSWORD, NOMBRE, CARGO, TELEFONO ) VALUES ( 
'48265791L', 'maria', 'nike', 'María López Escudero', 'Operadora'
, '963478952   '); 

rem =================================================
rem  Almacen
rem =================================================

INSERT INTO ALMACEN ( CODIGO_ALMACEN, CODIGO_REGION, TECNICO_ALMACEN, NOMBRE, DIRECCION, PAIS, TELEFONO, FAX, EMAIL ) VALUES ( 
'VAL', 'E', '26485963M', 'Virso', 'Colón'
, 'España', '963479862', '963479860', 'virso@ono.com'); 
INSERT INTO ALMACEN ( CODIGO_ALMACEN, CODIGO_REGION, TECNICO_ALMACEN, NOMBRE, DIRECCION, PAIS, TELEFONO, FAX, EMAIL ) VALUES ( 
'CHI', 'A', '22596826F', 'Virso', 'Colón'
, 'China', '963479862', '963479860', 'virso@ono.com'); 

rem =================================================
rem  Proveedor
rem =================================================

INSERT INTO PROVEEDOR ( CODIGO, NIF_CIF, NOMBRE, TELEFONO, FAX, EMAIL, DIRECCION, NUMERO, PUERTA, LOCALIDAD, PROVINCIA, CP, PAIS ) VALUES ( 
'456', '26789536D', 'Juan Navarro Luna', '963471263', '963471260', 'junalu@ono.com'
, 'C/ Jesús', 48, 101, 'Benaixida', 'Valencia'
, 46078, 'España'); 

rem =================================================
rem  Producto
rem =================================================

INSERT INTO PRODUCTO ( REFERENCIA, CODIGO_PROVEEDOR, NOMBRE, DESCRIPCION, PRECIO, MAX_RAZONABLE ) VALUES ( 
'1', '456', 'Zapatillas'
,'Zapatillas'
, 67, 200); 
INSERT INTO PRODUCTO ( REFERENCIA, CODIGO_PROVEEDOR, NOMBRE, DESCRIPCION, PRECIO, MAX_RAZONABLE ) VALUES ( 
'2', '456', 'Mochila'
,'Mochila'
, 34, 100); 
INSERT INTO PRODUCTO ( REFERENCIA, CODIGO_PROVEEDOR, NOMBRE, DESCRIPCION, PRECIO, MAX_RAZONABLE ) VALUES ( 
'3', '456', 'Sudadera'
,'Sudadera'
, 28, 350); 
INSERT INTO PRODUCTO ( REFERENCIA, CODIGO_PROVEEDOR, NOMBRE, DESCRIPCION, PRECIO, MAX_RAZONABLE ) VALUES ( 
'4', '456', 'Raquetas'
,'Raquetas'
, 42, 100); 
INSERT INTO PRODUCTO ( REFERENCIA, CODIGO_PROVEEDOR, NOMBRE, DESCRIPCION, PRECIO, MAX_RAZONABLE ) VALUES ( 
'5', '456', 'Calentadores'
,'Calentadores'
, 30, 1000); 

rem =================================================
rem  Producto-Almacen
rem =================================================

INSERT INTO PRODUCTO_ALMACEN ( REFERENCIA, ALMACEN, STOCK, STOCK_ASIGNADO ) VALUES ( 
'1', 'VAL', 1000, 1); 
INSERT INTO PRODUCTO_ALMACEN ( REFERENCIA, ALMACEN, STOCK, STOCK_ASIGNADO ) VALUES ( 
'2', 'VAL', 500, 2); 
INSERT INTO PRODUCTO_ALMACEN ( REFERENCIA, ALMACEN, STOCK, STOCK_ASIGNADO ) VALUES ( 
'3', 'VAL', 6, 0); 
INSERT INTO PRODUCTO_ALMACEN ( REFERENCIA, ALMACEN, STOCK, STOCK_ASIGNADO ) VALUES ( 
'4', 'VAL', 600, 1); 
INSERT INTO PRODUCTO_ALMACEN ( REFERENCIA, ALMACEN, STOCK, STOCK_ASIGNADO ) VALUES ( 
'5', 'VAL', 3000, 1); 
INSERT INTO PRODUCTO_ALMACEN ( REFERENCIA, ALMACEN, STOCK, STOCK_ASIGNADO ) VALUES ( 
'1', 'CHI', 1000, 0); 
INSERT INTO PRODUCTO_ALMACEN ( REFERENCIA, ALMACEN, STOCK, STOCK_ASIGNADO ) VALUES ( 
'2', 'CHI', 500, 0); 
INSERT INTO PRODUCTO_ALMACEN ( REFERENCIA, ALMACEN, STOCK, STOCK_ASIGNADO ) VALUES ( 
'3', 'CHI', 2500, 0); 
INSERT INTO PRODUCTO_ALMACEN ( REFERENCIA, ALMACEN, STOCK, STOCK_ASIGNADO ) VALUES ( 
'4', 'CHI', 600, 0);
INSERT INTO PRODUCTO_ALMACEN ( REFERENCIA, ALMACEN, STOCK, STOCK_ASIGNADO ) VALUES ( 
'5', 'CHI', 3000, 0);  

rem =================================================
rem  Cliente
rem =================================================


INSERT INTO CLIENTE ( NIF_CIF, CODIGO, REPRESENTANTE, LOGIN, PASSWORD, NOMBRE, CALLE, NUMERO, PUERTA, LOCALIDAD, PROVINCIA, CP, PAIS, TELEFONO, FAX, EMAIL, CUENTA_BANCO, RATIO_CONFIANZA, ES_EMPRESA, PERSONA_CONTACTO, TLF_PERS_CONTACTO ) VALUES ( 
'48315682N', '1', '26359874J', NULL, NULL, 'Jaime Monzón García'
, 'C/ Melias', 3, 25, 'Manises', 'Valencia'
, 46985, 'España', '961385396', NULL, 'Jaime75@ono.com'
, '95-264895-0006352689', 'Excelente', 0, NULL, NULL);
INSERT INTO CLIENTE ( NIF_CIF, CODIGO, REPRESENTANTE, LOGIN, PASSWORD, NOMBRE, CALLE, NUMERO, PUERTA, LOCALIDAD, PROVINCIA, CP, PAIS, TELEFONO, FAX, EMAIL, CUENTA_BANCO, RATIO_CONFIANZA, ES_EMPRESA, PERSONA_CONTACTO, TLF_PERS_CONTACTO ) VALUES ( 
'22496359P', '2', '26359874J', NULL, NULL, 'Javier López Gómez'
, 'C/ Azorín', 6, 12, 'Xativa', 'Valencia'
, 46758, 'España', '962359684', NULL, 'Javier@ono.com'
, '48-59682-0008454895', 'Regular', 0, NULL, NULL); 


rem =================================================
rem  Orden Pedido
rem =================================================

INSERT INTO ORDEN_PEDIDO ( CODIGO_PEDIDO, USUARIO_VENTAS, CLIENTE, CALLE_ENVIO, NUMERO_ENVIO, PTA_ENVIO, LOCALIDAD_ENVIO, PROVINCIA_ENVIO, CP_ENVIO, PAIS_ENVIO, FORMA_PAGO, FECHA_ELABORACION, FECHA_LLEGADA_ALMACEN, FECHA_ATENCION, FECHA_LISTO_ENVIO, FECHA_SALIDA_ALMACEN ) VALUES ( 
1, '48265791L', '1', 'C/ Melias', 3, 25, 'Manises'
, 'Valencia', 46985, 'España', 0,  TO_Date( '09/07/2002 12:00:00 AM', 'MM/DD/YYYY HH:MI:SS AM')
,  NULL, NULL, NULL, NULL); 
INSERT INTO ORDEN_PEDIDO ( CODIGO_PEDIDO, USUARIO_VENTAS, CLIENTE, CALLE_ENVIO, NUMERO_ENVIO, PTA_ENVIO, LOCALIDAD_ENVIO, PROVINCIA_ENVIO, CP_ENVIO, PAIS_ENVIO, FORMA_PAGO, FECHA_ELABORACION, FECHA_LLEGADA_ALMACEN, FECHA_ATENCION, FECHA_LISTO_ENVIO, FECHA_SALIDA_ALMACEN ) VALUES ( 
2, '26359874J', '2', 'C/ Azorin', 6, 12, 'Xativa'
, 'Valencia', 46758, 'España', 0,  TO_Date( '10/25/2002 12:00:00 AM', 'MM/DD/YYYY HH:MI:SS AM')
, NULL, NULL, NULL, NULL); 
INSERT INTO ORDEN_PEDIDO ( CODIGO_PEDIDO, USUARIO_VENTAS, CLIENTE, CALLE_ENVIO, NUMERO_ENVIO, PTA_ENVIO, LOCALIDAD_ENVIO, PROVINCIA_ENVIO, CP_ENVIO, PAIS_ENVIO, FORMA_PAGO, FECHA_ELABORACION, FECHA_LLEGADA_ALMACEN, FECHA_ATENCION, FECHA_LISTO_ENVIO, FECHA_SALIDA_ALMACEN ) VALUES ( 
3, '48265791L', '1', 'C/ Melias', 3, 25, 'Manises'
, 'Valencia', 46985, 'España', 1,  TO_Date( '11/10/2002 12:00:00 AM', 'MM/DD/YYYY HH:MI:SS AM')
, TO_Date( '11/10/2002 12:00:00 AM', 'MM/DD/YYYY HH:MI:SS AM'), NULL, NULL, NULL);
INSERT INTO ORDEN_PEDIDO ( CODIGO_PEDIDO, USUARIO_VENTAS, CLIENTE, CALLE_ENVIO, NUMERO_ENVIO, PTA_ENVIO, LOCALIDAD_ENVIO, PROVINCIA_ENVIO, CP_ENVIO, PAIS_ENVIO, FORMA_PAGO, FECHA_ELABORACION, FECHA_LLEGADA_ALMACEN, FECHA_ATENCION, FECHA_LISTO_ENVIO, FECHA_SALIDA_ALMACEN ) VALUES ( 
4, '48265791L', '1', 'C/ Melias', 3, 25, 'Manises'
, 'Valencia', 46985, 'España', 0,  TO_Date( '11/21/2002 12:00:00 AM', 'MM/DD/YYYY HH:MI:SS AM')
, NULL, NULL, NULL, NULL);
INSERT INTO ORDEN_PEDIDO ( CODIGO_PEDIDO, USUARIO_VENTAS, CLIENTE, CALLE_ENVIO, NUMERO_ENVIO, PTA_ENVIO, LOCALIDAD_ENVIO, PROVINCIA_ENVIO, CP_ENVIO, PAIS_ENVIO, FORMA_PAGO, FECHA_ELABORACION, FECHA_LLEGADA_ALMACEN, FECHA_ATENCION, FECHA_LISTO_ENVIO, FECHA_SALIDA_ALMACEN ) VALUES ( 
5, '48265791L', '1', 'C/ San Justo', 5, 14, 'Burjassot'
, 'Valencia', 46970, 'España', 1,  TO_Date( '12/02/2002 12:00:00 AM', 'MM/DD/YYYY HH:MI:SS AM')
, TO_Date( '12/05/2002 12:00:00 AM', 'MM/DD/YYYY HH:MI:SS AM'), NULL, NULL, NULL);
INSERT INTO ORDEN_PEDIDO ( CODIGO_PEDIDO, USUARIO_VENTAS, CLIENTE, CALLE_ENVIO, NUMERO_ENVIO, PTA_ENVIO, LOCALIDAD_ENVIO, PROVINCIA_ENVIO, CP_ENVIO, PAIS_ENVIO, FORMA_PAGO, FECHA_ELABORACION, FECHA_LLEGADA_ALMACEN, FECHA_ATENCION, FECHA_LISTO_ENVIO, FECHA_SALIDA_ALMACEN ) VALUES ( 
6, '48265791L', '2', 'C/ Azorin', 6, 12, 'Xativa'
, 'Valencia', 46758, 'España', 0,  TO_Date( '12/07/2002 12:00:00 AM', 'MM/DD/YYYY HH:MI:SS AM')
, TO_Date( '12/10/2002 12:00:00 AM', 'MM/DD/YYYY HH:MI:SS AM')
,TO_Date( '12/11/2002 12:00:00 AM', 'MM/DD/YYYY HH:MI:SS AM'), NULL, NULL);
INSERT INTO ORDEN_PEDIDO ( CODIGO_PEDIDO, USUARIO_VENTAS, CLIENTE, CALLE_ENVIO, NUMERO_ENVIO, PTA_ENVIO, LOCALIDAD_ENVIO, PROVINCIA_ENVIO, CP_ENVIO, PAIS_ENVIO, FORMA_PAGO, FECHA_ELABORACION, FECHA_LLEGADA_ALMACEN, FECHA_ATENCION, FECHA_LISTO_ENVIO, FECHA_SALIDA_ALMACEN ) VALUES ( 
7, '48265791L', '2', 'C/ Azorin', 6, 12, 'Xativa'
, 'Valencia', 46758, 'España', 0,  TO_Date( '12/15/2002 12:00:00 AM', 'MM/DD/YYYY HH:MI:SS AM')
, TO_Date( '12/18/2002 12:00:00 AM', 'MM/DD/YYYY HH:MI:SS AM')
,TO_Date( '12/19/2002 12:00:00 AM', 'MM/DD/YYYY HH:MI:SS AM'), NULL, NULL);
INSERT INTO ORDEN_PEDIDO ( CODIGO_PEDIDO, USUARIO_VENTAS, CLIENTE, CALLE_ENVIO, NUMERO_ENVIO, PTA_ENVIO, LOCALIDAD_ENVIO, PROVINCIA_ENVIO, CP_ENVIO, PAIS_ENVIO, FORMA_PAGO, FECHA_ELABORACION, FECHA_LLEGADA_ALMACEN, FECHA_ATENCION, FECHA_LISTO_ENVIO, FECHA_SALIDA_ALMACEN ) VALUES ( 
8, '48265791L', '2', 'C/ Azorin', 6, 12, 'Xativa'
, 'Valencia', 46758, 'España', 0,  TO_Date( '01/04/2003 12:00:00 AM', 'MM/DD/YYYY HH:MI:SS AM')
, TO_Date( '01/07/2003 12:00:00 AM', 'MM/DD/YYYY HH:MI:SS AM')
,TO_Date( '01/09/2003 12:00:00 AM', 'MM/DD/YYYY HH:MI:SS AM'), NULL, NULL);

rem =================================================
rem  Linea Pedido
rem =================================================

INSERT INTO LINEA_PEDIDO ( REFERENCIA, CODIGO_PEDIDO, CANTIDAD, PRECIO, CANT_ASIGNADA ) VALUES ( 
'1', 1, 1, 67, 0); 
INSERT INTO LINEA_PEDIDO ( REFERENCIA, CODIGO_PEDIDO, CANTIDAD, PRECIO, CANT_ASIGNADA ) VALUES ( 
'2', 1, 1, 34, 0); 
INSERT INTO LINEA_PEDIDO ( REFERENCIA, CODIGO_PEDIDO, CANTIDAD, PRECIO, CANT_ASIGNADA ) VALUES ( 
'3', 1, 2, 56, 0); 
INSERT INTO LINEA_PEDIDO ( REFERENCIA, CODIGO_PEDIDO, CANTIDAD, PRECIO, CANT_ASIGNADA ) VALUES ( 
'1', 2, 1, 67, 0); 
INSERT INTO LINEA_PEDIDO ( REFERENCIA, CODIGO_PEDIDO, CANTIDAD, PRECIO, CANT_ASIGNADA ) VALUES ( 
'4', 2, 2, 84, 0); 
INSERT INTO LINEA_PEDIDO ( REFERENCIA, CODIGO_PEDIDO, CANTIDAD, PRECIO, CANT_ASIGNADA ) VALUES ( 
'2', 3, 2, 68, 0); 
INSERT INTO LINEA_PEDIDO ( REFERENCIA, CODIGO_PEDIDO, CANTIDAD, PRECIO, CANT_ASIGNADA ) VALUES ( 
'5', 4, 3, 90, 0);
INSERT INTO LINEA_PEDIDO ( REFERENCIA, CODIGO_PEDIDO, CANTIDAD, PRECIO, CANT_ASIGNADA ) VALUES ( 
'4', 4, 2, 84, 0);
INSERT INTO LINEA_PEDIDO ( REFERENCIA, CODIGO_PEDIDO, CANTIDAD, PRECIO, CANT_ASIGNADA ) VALUES ( 
'3', 5, 5, 140, 0);
INSERT INTO LINEA_PEDIDO ( REFERENCIA, CODIGO_PEDIDO, CANTIDAD, PRECIO, CANT_ASIGNADA ) VALUES ( 
'1', 5, 2, 134, 0);
INSERT INTO LINEA_PEDIDO ( REFERENCIA, CODIGO_PEDIDO, CANTIDAD, PRECIO, CANT_ASIGNADA ) VALUES ( 
'2', 6, 2, 68, 2);
INSERT INTO LINEA_PEDIDO ( REFERENCIA, CODIGO_PEDIDO, CANTIDAD, PRECIO, CANT_ASIGNADA ) VALUES ( 
'1', 6, 1, 67, 1);
INSERT INTO LINEA_PEDIDO ( REFERENCIA, CODIGO_PEDIDO, CANTIDAD, PRECIO, CANT_ASIGNADA ) VALUES ( 
'4', 7, 2, 84, 1);
INSERT INTO LINEA_PEDIDO ( REFERENCIA, CODIGO_PEDIDO, CANTIDAD, PRECIO, CANT_ASIGNADA ) VALUES ( 
'4', 8, 1, 42, 0);
INSERT INTO LINEA_PEDIDO ( REFERENCIA, CODIGO_PEDIDO, CANTIDAD, PRECIO, CANT_ASIGNADA ) VALUES ( 
'5', 8, 2, 60, 1);

rem =================================================
rem  Incidencias
rem =================================================

INSERT INTO INCIDENCIAS (CODIGO_INCIDENCIA, CODIGO_PEDIDO, FECHA_INCIDENCIA, NIF_CREADOR, CREADOR, OBSERVACIONES ) VALUES (
1, 6, TO_Date( '12/11/2002 12:00:00 AM', 'MM/DD/YYYY HH:MI:SS AM'), '26485963M', 'Antonio Milla López', 
'Reponer stock, producto 1 por debajo del mínimo');
INSERT INTO INCIDENCIAS (CODIGO_INCIDENCIA, CODIGO_PEDIDO, FECHA_INCIDENCIA, NIF_CREADOR, CREADOR, OBSERVACIONES ) VALUES (
2, 7, TO_Date( '12/21/2002 12:00:00 AM', 'MM/DD/YYYY HH:MI:SS AM'), '26485963M', 'Antonio Milla López', 
'Pedido en atención durante más de dos días');


rem =================================================
rem  COMMIT
rem =================================================

COMMIT;